{"ping": {"min": 1.0, "avg": 2.7142857142857144, "max": 9.0, "lost": 14.285714285714286}}